Stop Chip Base Coat,11188982,415360,46162472
Aqua Base Coat,11188983,415361,46162489
Peel Off Base Coat,11543238,415362,46162496
Top Coat,11543239,415363,46162502
Fast Dry Top Coat,11188984,415364,46162519
Matt Top Coat,11543240,415365,46162526
Skin Protect,11188985,415366,46162533
Cuticle Remover,11543258,430045,46175618
Cuticle Oil,11543257,430044,46175601
Nail Whitener,11543259,430046,46175625
Recovery Base,11189001,НФ-00080638,46217660
Ridgefiller,11543297,НФ-00080639,46217677
Grim Heart,11543233,415317,46162359
Zodiac,11188978,415343,46162366
Worlds Collide,11188979,415350,46162373
Good God,11188980,415351,46162380
Andromeda,11543234,415353,46162403
Eager,11543253,429930,46184580
Exit Wounds,11543252,429929,46184573
Immortal,11543250,429927,46184559
Impulse,11543248,429924,46184528
Pandora,11188990,429926,46184542
Treehouse,11543254,429931,46184597
Abandoned,11543261,433542,46108036
Always Yours,11188991,433541,46108029
Ashes to Ashes,11188992,433544,46108050
"Delete, Repeat",11543260,433540,46108012
Explode The World,11543262,433543,46108043
Trumped Up,11543263,433545,46108067
Turn Back Time,11543264,433546,46108074
Vortex,11543265,433547,46108081
Dating an Alien,11543267,433551,46108111
In Flames,11188993,433550,46108104
Umbra,11543266,433549,46108098
Fit For A King,11543286,НФ-00080624,46217530
Unreality Show,11543287,НФ-00080625,46217547
Last Ticket Home,11543288,НФ-00080626,46217554
Neverwhere,11543289,НФ-00080627,46217561
Hive,11543290,НФ-00080628,46217578
Start the End,11543291,НФ-00080629,46217585
Light The Way,11188999,НФ-00080630,46217592
Worthless Nights,11189000,НФ-00080631,46217608
Memories,11543292,НФ-00080632,46217615
Hereafter,11543293,НФ-00080633,46217622
Eternity,11543295,НФ-00080636,46217639
Myths,11543294,НФ-00080634,46217646
Melting Glaciers,11543296,НФ-00080637,46217653
Frozen,11543301,НФ-00082337,46221964
Legacy,11543302,НФ-00082339,46221971
Maze,11543303,НФ-00082340,46221995
Mantra,11543304,НФ-00082342,46222015
Holo Blur,11543305,НФ-00082344,46222039
Before The Storm,11543309,НФ-00082843,46224224
Mellow,11543311,НФ-00082846,46224248
Harmless,11543312,НФ-00082855,46224255
Brain Smasher,11543313,НФ-00082856,46224262
Sempiternal,11189003,НФ-00082858,46224286
Stare,11168516,НФ-00084550,46228796
Lifeline,11168517,НФ-00084551,46228802
Hollow,11168518,НФ-00084552,46228819
Breaking Walls,11168519,НФ-00084553,46228826
Now or Never,11168520,НФ-00084554,46228833
Showtime,11168521,НФ-00084555,46228857
Crossfaith,11168522,НФ-00084556,46228864
Secrets,11168515,НФ-00084549,46228901
Cane Hill,12060001,НФ-00085401,46234018
Coldrain,12059999,НФ-00085399,46234049
Superstar,12060000,НФ-00085400,46234001
Purity,11543235,415354,2000277474007
Love at War,11543236,415355,46162427
Tears Don't Fall,11543237,415358,46162458
Composure,11188981,415359,46162465
Hex,11188987,420182,46169556
Illusions,11188988,420183,46169563
Mutation,11543241,420184,46169570
Mood Creator,11543242,420185,46169587
Wind of Change,11543243,420186,46169594
Thermo Top Coat,11188986,419142,46164919
Thermo Top Coat Blue,11543245,421992,46171634
Thermo Top Coat Green,11543246,421993,46171641
Thermo Top Coat Pink,11543244,421991,46171665
Thermo Top Coat Red,11188989,421990,46171627
Thermo Top Coat Violet,11543247,421994,46171658
Miracle,11543256,429933,46184610
Paradox,11543251,429928,46184566
Phantom,11543255,429932,46184603
Solar Top Coat,11543249,429925,46184535
Coma White,11543278,НФ-00077356,46207371
Yin Yang Blur ,11543298,НФ-00080640,46217684
Firestarter,11543306,НФ-00082345,46222008
Tides,11543307,НФ-00082346,46222022
Oath,11543310,НФ-00082844,46224231
Left Behind,11543314,НФ-00082857,46224279
Rewind,11168511,НФ-00084545,46228840
Shapes,11168514,НФ-00084548,46228888
Pretender,11168512,НФ-00084546,46228895
Dream Catcher,12059997,НФ-00085397,46234025
Isolation,12059998,НФ-00085398,46234032
Avalanche,11188994,438045,46199102
Colorblind,11188996,438052,46199164
Corallovo,11543271,438050,46199157
Feeling Good,11543269,438047,46199126
Flower Bomb,11543268,438046,46199119
Playing With Fire,11543272,438054,46199171
Revolt,11188995,438049,46199140
"Yes, Please",11543270,438048,46199133
Alpha Omega,11543275,441643,46205896
Astral ,11543274,441642,46205919
Born Again,11543273,441641,46205926
Doomsday,11188997,441640,46205889
Gravity,11543276,441644,46205872
Meteorite,11188998,441645,46205902
Alpha Omega HOLO,11543228,317623,46206480
Astral HOLO,11543229,317624,46206497
Born Again HOLO,11543230,317625,46206503
Doomsday HOLO,11543231,317626,46206510
Gravity HOLO,11188977,317627,46206527
Meteorite HOLO,11543232,317628,46206534
In Heaven,11543279,НФ-00079146,46211880
In Heaven Holo,11543280,НФ-00079147,46211897
In The End,11543283,НФ-00079186,46212016
Numb,11543281,НФ-00079184,46211996
One More Light,11543285,НФ-00079188,46212030
One Step Closer,11543282,НФ-00079185,46212009
What I've Done,11543284,НФ-00079187,46212023
All-seeing Eye,11189002,НФ-00080641,46217691
Feel Real,11543299,НФ-00080642,46218780
Venus,11543300,НФ-00080643,46218797
Burn It Down,11543308,НФ-00082347,46221988
Lunar,11543315,НФ-00083326,46226112
God Complex,11543316,НФ-00083328,46226129
Fortune Teller,11543317,НФ-00083330,46226136
Omen,11543318,НФ-00083331,46226143
Empty Space,11543319,НФ-00083332,46226150
Infinity,11543320,НФ-00083333,46226167
Ludens,11168513,НФ-00084547,46228871
Slowburn,12059996,НФ-00085396,46233998
Магнит,11543277,НФ-00027401,46233981
